provider_id,first_name,last_name,email,phone_number,specialty,years_of_experience,city,street_address
01HV9GW3JNKFZTQTGCQ5GGZV86,Maury,Andrioli,mandrioli0@vimeo.com,271-852-0338,Internal Medicine,29,Ajman,039 Marquette Junction
01HV9GW3JRQPDQJQPV087FX9G8,Antonia,Rolles,arolles1@yandex.ru,128-751-5822,Neurology,42,Sharjah,534 Crownhardt Pass
01HV9GW3JTK2KZYQ0SF2XQF3AK,Ferdinande,Grouen,fgrouen2@ow.ly,950-332-5172,ENT,15,Ajman,04 Messerschmidt Plaza
01HV9GW3JWXVXJKQV9PT3F123F,Charo,Hasty,chasty3@baidu.com,441-676-1786,Pediatrics,3,Al-Ain,91 Luster Parkway
01HV9GW3JY1BMRVZ6W5NBS88WX,Gill,Tilt,gtilt4@telegraph.co.uk,197-862-8468,Obstetrics,10,Ras Al-Khaimah,2 Crowley Crossing
01HV9GW3K0MKGJD9PFTF51DWH6,Kippy,Lovel,klovel5@state.tx.us,479-431-1974,Neurology,27,Sharjah,9780 Manufacturers Alley
01HV9GW3K2EQ7DV0VS7TK36A9V,Ozzie,Drummer,odrummer6@ameblo.jp,992-830-6658,Pediatrics,28,Ajman,74 Amoth Trail
01HV9GW3K4CDJJVH1E47N7YQRJ,Mel,Relfe,mrelfe7@wired.com,904-178-2354,Cardiology,42,Dubai,1 Mifflin Parkway
01HV9GW3K5YQJFEYKPN8T8DE4B,Taddeusz,Akister,takister8@mashable.com,391-320-0367,Internal Medicine,5,Dubai,320 Golf Plaza
01HV9GW3K6XRADE2V4SFBYSADF,Nadean,Mixworthy,nmixworthy9@economist.com,875-491-0008,Ophthalmology,20,Sharjah,9 Barnett Park
01HV9GW3K7P9NBW8ZZPFR7WS7B,Dominic,Eggers,deggersa@unesco.org,204-773-2672,Obstetrics,7,Ras Al-Khaimah,993 Mcbride Pass
01HV9GW3K9RVTB52V0FJTEW88S,Maurits,Loughrey,mloughreyb@booking.com,795-119-0951,Pediatrics,40,Dubai,399 Vernon Place
01HV9GW3KCCF4ZYXKXS1V7A2RZ,Jamison,Corrison,jcorrisonc@zimbio.com,681-667-6878,Obstetrics,39,Sharjah,4 Burning Wood Trail
01HV9GW3KDQMFGHRBDSP7VFJ5B,Patricia,McNeish,pmcneishd@google.ru,196-633-8358,Cardiology,35,Sharjah,3565 Little Fleur Point
01HV9GW3KE6NC3J286JERRRW55,Humfrey,Elders,helderse@engadget.com,921-818-7070,Internal Medicine,40,Ajman,326 Mandrake Junction
01HV9GW3KFYY0V0FB1BR44ACCJ,Onofredo,Oxlade,ooxladef@cargocollective.com,495-671-7486,Cardiology,37,Al-Ain,0 Schlimgen Terrace
01HV9GW3KGPMMY5KD1261EV4T9,Aurelia,Karpenko,akarpenkog@wikipedia.org,749-485-2498,Cardiology,19,Al-Ain,0 Grim Way
01HV9GW3KH1K82CP335CYY0ED5,Rafaellle,Oager,roagerh@latimes.com,367-333-2474,Dermatology,40,Ajman,26589 Charing Cross Court
01HV9GW3KHY16YZYNV0CBJEVAC,Cecilio,Grooby,cgroobyi@bravesites.com,240-501-9462,Obstetrics,21,Ajman,062 Macpherson Parkway
01HV9GW3KKT32P3KGHWC7G9T7R,Marla,Farries,mfarriesj@g.co,899-979-9311,Neurology,42,Sharjah,94943 Memorial Road
01HV9GW3KMZTTRQ86Z55XPA72G,Neilla,Mapowder,nmapowderk@google.nl,379-611-2967,Pediatrics,38,Ajman,5474 Autumn Leaf Hill
01HV9GW3KM3WP1CJHCQS8NNFPN,Auberta,Douch,adouchl@newyorker.com,729-134-7169,Pediatrics,12,Ras Al-Khaimah,8376 Amoth Court
01HV9GW3KNMFGA414M7QTQ4JSP,Vito,Manketell,vmanketellm@google.com.hk,623-896-3154,Ophthalmology,39,Ras Al-Khaimah,75138 Fulton Park
01HV9GW3KPT0J0CJVVTVM6DZE5,Thaddeus,Heister,theistern@goo.gl,923-283-7055,Ophthalmology,50,Dubai,9434 Jenifer Pass
01HV9GW3KQR4XG7WDWZK17KTWV,Linell,Aucourte,laucourteo@a8.net,986-945-0946,Internal Medicine,39,Sharjah,00 Beilfuss Park
01HV9GW3KR98JVC1K3D6YRWWWS,Mariska,Sommerton,msommertonp@fc2.com,217-191-6728,Orthopedics,11,Ras Al-Khaimah,72563 Fairfield Circle
01HV9GW3KSXVHJ2400WRKGKP06,Hershel,Russi,hrussiq@independent.co.uk,196-993-4750,Neurology,47,Abu Dhabi,40208 Lakewood Way
01HV9GW3KTCNC5Y96ZVW34TMWB,Kearney,Daniellot,kdaniellotr@netlog.com,908-930-0141,Pediatrics,29,Al-Ain,34876 Northfield Pass
01HV9GW3KT4DYH3Q5X4BMBN0MN,Elvera,Beven,ebevens@constantcontact.com,448-113-6169,Ophthalmology,6,Ajman,42 Cambridge Trail
01HV9GW3KVQA2N317XPHXH1PK7,Ernesto,Widdowes,ewiddowest@bigcartel.com,416-259-7126,Internal Medicine,1,Umm Al-Quwain,40 Forster Terrace
01HV9GW3KW1TBD75T9A2GMFQPN,Willard,Newson,wnewsonu@ft.com,959-120-0097,Dermatology,41,Dubai,34815 7th Junction
01HV9GW3KXK69D4VRV7SSR6613,Ariela,Langwade,alangwadev@t-online.de,879-628-9635,Neurology,32,Dubai,19 Meadow Valley Plaza
01HV9GW3KYX9NR4X04PVK4MBJX,Dulsea,Higgonet,dhiggonetw@opera.com,665-239-2850,Obstetrics,30,Ajman,9382 Vermont Alley
01HV9GW3KZE43XWENM0EKGHFBZ,Pip,Abys,pabysx@ebay.com,489-865-5667,ENT,1,Sharjah,3 Fair Oaks Pass
01HV9GW3M0386XP32WV662XJSQ,Alayne,Spinella,aspinellay@skype.com,900-708-5457,Neurology,14,Ajman,009 Amoth Circle
01HV9GW3M1QAKXNKJYWYGVBB11,Fiona,Varran,fvarranz@aboutads.info,593-862-5121,Ophthalmology,10,Ras Al-Khaimah,80 Rieder Way
01HV9GW3M24SXTDAXSS3TYNEP2,Juana,Drayn,jdrayn10@studiopress.com,792-187-2700,Neurology,41,Sharjah,354 Oriole Court
01HV9GW3M349K301TVS15B5EW5,Lianne,Goodlad,lgoodlad11@oaic.gov.au,184-146-7928,ENT,42,Umm Al-Quwain,846 Iowa Circle
01HV9GW3M4A87J049J9HVJJQV8,Annnora,Philcott,aphilcott12@mozilla.org,238-535-2877,Psychiatry,22,Ajman,8 Derek Lane
01HV9GW3M506YB2R4AXM9CZ3HH,Conn,Sogg,csogg13@skype.com,372-348-7000,Cardiology,40,Umm Al-Quwain,87 Main Road
01HV9GW3M6JRQX6AD1FC44J25V,Rad,McGuigan,rmcguigan14@squidoo.com,300-625-1812,Cardiology,2,Sharjah,1624 Esch Plaza
01HV9GW3M7SD50CQ3P23S181ZG,Herc,Dillaway,hdillaway15@spotify.com,974-323-4088,Ophthalmology,38,Ras Al-Khaimah,915 Carberry Terrace
01HV9GW3M8F9C7P9JPJD9BSY6F,Meggie,Turpey,mturpey16@youku.com,364-671-5248,Ophthalmology,4,Sharjah,43088 Kim Court
01HV9GW3M9Z2B3E78ZFXARWYAZ,Minetta,Kender,mkender17@abc.net.au,274-462-5516,Psychiatry,29,Ajman,2 La Follette Drive
01HV9GW3M95CRRXM53QH0AE2MG,Calley,Howchin,chowchin18@photobucket.com,365-756-6218,Orthopedics,31,Abu Dhabi,0649 Burrows Crossing
01HV9GW3MBXYF8Y0WGXNPV18E5,Hugues,Berzon,hberzon19@cyberchimps.com,777-230-5158,Cardiology,21,Al-Ain,805 Springview Place
01HV9GW3MC0XV6GD88DPGK5X3J,Clemente,Parmeter,cparmeter1a@cnn.com,866-380-9528,Orthopedics,45,Al-Ain,072 Kensington Pass
01HV9GW3MDWGZQKNK0MKKSKWSG,Helen,Gauntlett,hgauntlett1b@salon.com,155-251-4538,Orthopedics,41,Ras Al-Khaimah,696 Dennis Junction
01HV9GW3MFSSF1TST2MFTZ6XHK,Gram,Maydwell,gmaydwell1c@addthis.com,941-658-1595,Dermatology,18,Ras Al-Khaimah,5568 Heffernan Lane
01HV9GW3MGN9N8Y6K9XTW6RFKD,Bambie,Chambers,bchambers1d@plala.or.jp,479-647-4471,Internal Medicine,25,Al-Ain,22005 Fulton Junction
01HV9GW3MJG89NY9YQV9M9X5V4,Livvyy,Cordova,lcordova1e@hp.com,711-119-9817,Pediatrics,28,Umm Al-Quwain,19500 Hoard Street
01HV9GW3MMMR2313J1A4ZJBRMW,Osbert,Oiller,ooiller1f@cafepress.com,503-856-1885,Neurology,44,Dubai,2 Novick Court
01HV9GW3MPZ15JCNAJG3YHM3FJ,Buiron,Mibourne,bmibourne1g@goo.gl,943-608-7962,ENT,5,Ras Al-Khaimah,326 Mayfield Street
01HV9GW3MQDZ145E96353M432H,Hunfredo,Erasmus,herasmus1h@dmoz.org,817-465-7323,Neurology,20,Dubai,600 Old Shore Park
01HV9GW3MSTYQPVNRBV2QYS8FH,Creigh,Paullin,cpaullin1i@umich.edu,367-297-8200,Orthopedics,4,Al-Ain,46890 Jenna Point
01HV9GW3MVN4PQ0SXV7V9N7W83,Wilhelmine,Finley,wfinley1j@instagram.com,158-292-9074,Pediatrics,30,Ras Al-Khaimah,576 Vera Terrace
01HV9GW3MXWE83VBRD5KX1211T,Jarrod,Luna,jluna1k@nyu.edu,759-454-6903,Ophthalmology,42,Ajman,73661 Buell Drive
01HV9GW3MYB6Q6TGA8M2ZB26GC,Giffer,Goldin,ggoldin1l@t.co,877-165-2687,Orthopedics,30,Ras Al-Khaimah,0 Morrow Pass
01HV9GW3MZR6VCSZTDQRQBMXDW,Brendis,Bartkowiak,bbartkowiak1m@123-reg.co.uk,923-520-5803,Internal Medicine,39,Ras Al-Khaimah,93661 Anzinger Drive
01HV9GW3N04NH6TRB4HGFK5S2V,Fayth,Stockill,fstockill1n@senate.gov,635-804-5157,Obstetrics,17,Dubai,931 Rusk Trail
01HV9GW3N2T8SHMJBAE5M4PFJF,Mitchel,Tolhurst,mtolhurst1o@paginegialle.it,617-391-3190,Cardiology,44,Ras Al-Khaimah,7137 Dahle Point
01HV9GW3N3VFNC6QQ18S1N6TM4,Georgeanne,Bagnell,gbagnell1p@craigslist.org,753-201-1308,Dermatology,21,Umm Al-Quwain,53965 Little Fleur Crossing
01HV9GW3N3XFQYNDYKCEDC6CMH,Donna,Buckler,dbuckler1q@xrea.com,964-942-0534,Psychiatry,1,Ras Al-Khaimah,7024 Mccormick Point
01HV9GW3N47W6H1PC5QBAEM48F,Catina,Pearcey,cpearcey1r@about.com,781-355-6727,Cardiology,16,Ajman,25 Kingsford Parkway
01HV9GW3N5NGB3VF0W06FPK1VD,Syd,Budcock,sbudcock1s@tiny.cc,459-249-8654,Obstetrics,46,Sharjah,9 Gerald Street
01HV9GW3N6VWYPCPTD5R8CG1EQ,Garvin,Cooling,gcooling1t@soundcloud.com,881-275-2605,Orthopedics,31,Abu Dhabi,93478 Rigney Court
01HV9GW3N7AKR08F56NBF33FVJ,Trumaine,Belasco,tbelasco1u@state.gov,129-116-4633,Cardiology,5,Al-Ain,607 Cascade Junction
01HV9GW3N83F7R9G057FH4Y9R4,Cris,Dumingo,cdumingo1v@princeton.edu,561-538-3500,Orthopedics,28,Ras Al-Khaimah,74 Mitchell Street
01HV9GW3N9WP7ZY7VQD5FK2XW7,Hailey,Clougher,hclougher1w@gov.uk,954-583-9155,Cardiology,17,Ajman,47783 Northwestern Drive
01HV9GW3N9ZP4ECMEAYQSD6EQH,Marcella,Norcock,mnorcock1x@elegantthemes.com,321-641-1146,Ophthalmology,42,Abu Dhabi,82 Lake View Crossing
01HV9GW3NAGX9CVJGANJTMCK2W,Jock,Angrave,jangrave1y@opera.com,215-497-7447,Ophthalmology,39,Dubai,8 Wayridge Junction
01HV9GW3NBSYYM8X89Y5AZN3YP,Brenden,Bettridge,bbettridge1z@meetup.com,603-905-9664,Ophthalmology,13,Ajman,324 Carioca Way
01HV9GW3NCGW2NJRRQBEP3FV92,Cyndia,Murrish,cmurrish20@epa.gov,587-112-4851,Psychiatry,9,Ras Al-Khaimah,468 Fuller Circle
01HV9GW3ND4TP8NR33WHBY8DNH,Ravi,Metts,rmetts21@biglobe.ne.jp,511-998-6766,Obstetrics,15,Sharjah,5 Straubel Way
01HV9GW3NEG8KWK6V1P8KXCNGM,Harlie,Kift,hkift22@deliciousdays.com,289-684-9064,Orthopedics,25,Sharjah,242 Merry Alley
01HV9GW3NGS7T5VY6XM16PF3MK,Dena,Bordes,dbordes23@paypal.com,315-431-9380,ENT,29,Ras Al-Khaimah,9 Pleasure Place
01HV9GW3NGG1SYDDMYJAMV4X0G,Gabi,McElhargy,gmcelhargy24@usa.gov,698-656-9945,Psychiatry,13,Ras Al-Khaimah,555 Mallory Crossing
01HV9GW3NHG6W0EEBMJ0KCEDQS,Richmond,Millar,rmillar25@pinterest.com,928-843-5422,Obstetrics,5,Abu Dhabi,65972 Lukken Road
01HV9GW3NJE1702P05M7E54640,Analiese,Kernes,akernes26@4shared.com,823-305-4868,Cardiology,42,Dubai,3 Carioca Avenue
01HV9GW3NKAVJ9G49RBP3RVMJ1,Marcus,Vidineev,mvidineev27@aboutads.info,242-892-5815,Psychiatry,14,Sharjah,5 Wayridge Place
01HV9GW3NMDRMCCMJ7RRNFKPYR,Marwin,Stut,mstut28@europa.eu,136-569-0491,Obstetrics,29,Al-Ain,74910 Judy Center
01HV9GW3NNJNX7D99VVJSTS0WS,Chick,Tunney,ctunney29@bizjournals.com,176-257-3430,ENT,10,Dubai,44904 Dunning Hill
01HV9GW3NPGC08AXZPA5448ME8,Waldo,Aylward,waylward2a@multiply.com,468-316-8338,Internal Medicine,29,Abu Dhabi,957 Amoth Point
01HV9GW3NQRAF4ECDPFZY457J3,Lanny,Drinkhill,ldrinkhill2b@dedecms.com,712-634-1762,Pediatrics,41,Umm Al-Quwain,6654 Forest Hill
01HV9GW3NR6VW53TBR46WZDTZ4,Bert,Yitzhok,byitzhok2c@behance.net,103-949-4598,Cardiology,25,Sharjah,475 Oneill Crossing
01HV9GW3NS2A44G024V12NQ0Q4,Nolie,Megarry,nmegarry2d@tumblr.com,510-822-9960,Cardiology,25,Abu Dhabi,3 Gulseth Terrace
01HV9GW3NTC07XXR6KVWETA173,Anson,Bearsmore,abearsmore2e@eventbrite.com,769-257-6464,Psychiatry,44,Dubai,922 Chinook Circle
01HV9GW3NV703XRDTXFNC4KR9D,Yulma,Minithorpe,yminithorpe2f@jimdo.com,112-225-6183,Pediatrics,22,Sharjah,7 South Junction
01HV9GW3NWR98N9MYAMPKWWESS,Joseito,Erlam,jerlam2g@wisc.edu,504-573-0054,Cardiology,7,Dubai,881 Homewood Avenue
01HV9GW3NXAA6APKKPRK0KJE7P,Erik,Bosson,ebosson2h@vkontakte.ru,510-195-7219,Psychiatry,50,Dubai,8244 Northview Parkway
01HV9GW3NYV37G4HCRGNN4R8SB,Agosto,Chappell,achappell2i@imgur.com,451-802-8310,Obstetrics,13,Dubai,0 Quincy Pass
01HV9GW3NY2X0X71CSMTZ03H8E,Sibbie,Giovanitti,sgiovanitti2j@marriott.com,441-437-6132,Dermatology,13,Ajman,2 Fisk Drive
01HV9GW3NZ95CGMP7MWSRXPB58,Nels,Tackley,ntackley2k@nationalgeographic.com,331-800-7581,Orthopedics,14,Ras Al-Khaimah,68 Dayton Junction
01HV9GW3P0D35MDCM1S2WZPP7Z,Nona,Spyer,nspyer2l@deliciousdays.com,670-448-8263,Ophthalmology,47,Umm Al-Quwain,22764 Pierstorff Hill
01HV9GW3P1PNEDJJJZK6X0ZMSB,Kalil,Yellop,kyellop2m@soup.io,790-305-3421,Pediatrics,19,Al-Ain,6079 Fremont Drive
01HV9GW3P2A4NYRJAW9VA6VR4E,Marena,Starmer,mstarmer2n@dailymail.co.uk,174-506-5052,Internal Medicine,18,Dubai,9159 Petterle Circle
01HV9GW3P343ZSM1NRYB4HXS0P,Kai,Cornejo,kcornejo2o@freewebs.com,524-991-9398,Ophthalmology,31,Al-Ain,05606 Talisman Plaza
01HV9GW3P4ZN2MRM7M6SHQRZAD,Gweneth,Osorio,gosorio2p@miibeian.gov.cn,860-716-8432,Neurology,44,Ajman,47352 Bluejay Junction
01HV9GW3P50SQ5NASM9DWZ2703,Calli,Seemmonds,cseemmonds2q@omniture.com,141-214-5683,Pediatrics,22,Umm Al-Quwain,3 Barby Avenue
01HV9GW3P6B8KG6CV85NMA5SWD,Bianka,Woollett,bwoollett2r@e-recht24.de,627-952-1893,Cardiology,14,Umm Al-Quwain,5 Fisk Alley
01HV9GW3P6KS4BE3KR4VX18WC6,Bennie,Johnsson,bjohnsson2s@biblegateway.com,509-251-4349,Neurology,27,Al-Ain,06280 Cambridge Plaza
01HV9GW3P8VMF0ANE3F8MM0GCJ,Angelica,Bendson,abendson2t@bloglovin.com,770-824-3082,Psychiatry,12,Sharjah,3940 Darwin Court
01HV9GW3P9PHD8DDQ00FQRTJ6C,Muriel,Bowick,mbowick2u@google.pl,531-429-8330,Dermatology,3,Umm Al-Quwain,321 Fuller Hill
01HV9GW3PAZAHX39RJ6ETMZ93E,Elora,Minget,eminget2v@europa.eu,203-932-4875,Dermatology,32,Umm Al-Quwain,32 Northwestern Hill
01HV9GW3PBVVCVPNZGFJKXQXAF,Mart,Raubenheimers,mraubenheimers2w@java.com,650-365-8158,Psychiatry,26,Dubai,6193 Farwell Plaza
01HV9GW3PCDSY2DQ8P0J6GEV5V,Reilly,Jakoubek,rjakoubek2x@dedecms.com,841-358-6742,Internal Medicine,33,Dubai,45036 Buhler Road
01HV9GW3PDH04HK7XK0P7V6EN5,Dael,Iacovaccio,diacovaccio2y@latimes.com,955-369-7139,ENT,13,Ras Al-Khaimah,9 Porter Park
01HV9GW3PFGHWAWTAH9DFKFG4P,Phillis,Brewse,pbrewse2z@usa.gov,940-633-5154,Ophthalmology,8,Sharjah,368 Dahle Alley
01HV9GW3PGZ5A9GPRHGJSZS7DF,Hagan,Meech,hmeech30@independent.co.uk,179-677-6633,Psychiatry,8,Al-Ain,8 Colorado Trail
01HV9GW3PH012HQ76KTM9EQTNF,Clea,Coplestone,ccoplestone31@microsoft.com,518-981-0139,Internal Medicine,30,Ajman,85 Springs Drive
01HV9GW3PHHFE0QMAYH0X2TQPG,Garrett,Poser,gposer32@feedburner.com,669-645-0701,Internal Medicine,6,Abu Dhabi,825 Glendale Avenue
01HV9GW3PKR7F5X33ETP1YSXGX,Ardine,Antoszewski,aantoszewski33@twitpic.com,984-724-7327,Orthopedics,13,Abu Dhabi,95749 Crescent Oaks Way
01HV9GW3PMX8744M2GAY3XQK79,Port,Kinnerley,pkinnerley34@yandex.ru,390-667-1635,Internal Medicine,49,Ras Al-Khaimah,2 Banding Pass
01HV9GW3PNPDM7YFZ8BA0B7ZES,Tirrell,Sinclair,tsinclair35@rediff.com,659-758-5771,Psychiatry,22,Ajman,860 Fairfield Court
01HV9GW3PPPDVJF79KCQ4Z86BC,Maje,Hupe,mhupe36@newsvine.com,237-317-4537,Psychiatry,30,Dubai,5 Amoth Park
01HV9GW3PPMNNBA8HHCRMFA223,Delila,de Grey,ddegrey37@home.pl,505-654-8538,Internal Medicine,26,Sharjah,9 Lindbergh Point
01HV9GW3PRKF3NZ92SWN8Y38B2,Hallie,Pechell,hpechell38@tripod.com,491-378-2248,Internal Medicine,33,Dubai,08 Thierer Place
01HV9GW3PSQAQCG1VXKGH698MC,Georg,Erwin,gerwin39@google.it,524-779-6860,Ophthalmology,9,Abu Dhabi,93 Mendota Court
01HV9GW3PTG1M10Q8CJ051PMD1,Allina,Hirth,ahirth3a@furl.net,607-998-9274,Orthopedics,45,Al-Ain,047 Hauk Point
01HV9GW3PWFEBJMQMS12T81F6B,Delphine,Dene,ddene3b@dion.ne.jp,222-521-5842,Pediatrics,6,Al-Ain,8751 Sachtjen Lane
01HV9GW3PWT6S60WT518MFWM41,Marcy,Cote,mcote3c@opera.com,117-792-8254,Cardiology,18,Umm Al-Quwain,8922 Onsgard Crossing
01HV9GW3PYQZV1ENG0Y6NZRGWG,Irina,Rupert,irupert3d@ted.com,198-439-3038,Orthopedics,21,Ras Al-Khaimah,25943 Crescent Oaks Terrace
01HV9GW3Q0H7PFYF766YF2DN46,Wake,Massingham,wmassingham3e@ebay.co.uk,676-218-3825,Obstetrics,18,Ras Al-Khaimah,2 Chive Crossing
01HV9GW3Q2RQ8NAPE4P39WZZGD,Maddie,Charlwood,mcharlwood3f@accuweather.com,335-776-4475,Pediatrics,2,Abu Dhabi,363 Iowa Road
01HV9GW3Q53VJX4A7F1MPGJRZA,Nahum,Fursey,nfursey3g@yahoo.co.jp,195-852-9980,Internal Medicine,8,Umm Al-Quwain,2 Clemons Way
01HV9GW3Q6CMCBYH7RNPJCEJT3,Tonnie,Josephs,tjosephs3h@deliciousdays.com,334-774-7795,Internal Medicine,38,Ajman,31 Shelley Trail
01HV9GW3Q9REES5E0C36J8ZTVR,Nappie,Mouan,nmouan3i@addthis.com,133-694-6887,Pediatrics,2,Al-Ain,001 Lerdahl Parkway
01HV9GW3QB77MJMPWFFCBRZED6,Cordy,Pranger,cpranger3j@baidu.com,629-580-4996,Dermatology,23,Abu Dhabi,0 American Court
01HV9GW3QCE3ECD2WTYNWQSA1M,Gustie,Parlett,gparlett3k@microsoft.com,767-347-4405,Cardiology,43,Al-Ain,89858 Hoepker Way
01HV9GW3QDZ4RWBDAHM99JSDPS,Jeannette,Cutforth,jcutforth3l@economist.com,807-546-2272,Pediatrics,42,Dubai,6 Lakewood Parkway
01HV9GW3QE8A16YS7ZRC1D1297,Jess,Farran,jfarran3m@sohu.com,998-848-1420,Neurology,50,Ajman,97 Ridge Oak Trail
01HV9GW3QFGKZVZC0VEY5FESVE,Merell,Chason,mchason3n@psu.edu,945-128-1901,Internal Medicine,18,Sharjah,2 Browning Crossing
01HV9GW3QG2KD3BV3AZ31JTGKV,Brien,Skupinski,bskupinski3o@wisc.edu,718-935-6952,Pediatrics,3,Dubai,080 Roxbury Center
01HV9GW3QHCDSTRAEX52ZPHXK0,Brittney,Schmidt,bschmidt3p@si.edu,287-164-4706,Obstetrics,34,Al-Ain,43750 American Trail
01HV9GW3QJ2C6EX3F0N842GV1X,Alvera,Tipperton,atipperton3q@hatena.ne.jp,800-872-7305,Ophthalmology,32,Dubai,432 Rockefeller Pass
01HV9GW3QJ7DV79GNK01BANG1G,Demetrius,Anthoine,danthoine3r@economist.com,870-633-6893,Psychiatry,25,Umm Al-Quwain,34327 Clemons Terrace
01HV9GW3QMR6DV565SZ2X6PQ06,Christopher,Christal,cchristal3s@ow.ly,347-330-0201,Neurology,32,Dubai,85 Northland Park
01HV9GW3QNXS7MNTXPA4BHJ8JC,Jilleen,Scutchin,jscutchin3t@dyndns.org,924-574-4105,Neurology,5,Ras Al-Khaimah,96458 Mcbride Pass
01HV9GW3QPCG3S6AQ1N7NPMZPS,Alfonse,Jellyman,ajellyman3u@eventbrite.com,991-838-9583,Orthopedics,25,Ras Al-Khaimah,308 Cordelia Center
01HV9GW3QP8PVE9BQB5M83DSZ1,Gaspar,Goldney,ggoldney3v@answers.com,714-791-7676,Cardiology,29,Al-Ain,251 Shasta Court
01HV9GW3QQ7KFYFQMQYER9QJFJ,Raine,Tomaselli,rtomaselli3w@moonfruit.com,340-946-4908,Orthopedics,24,Ajman,390 East Alley
01HV9GW3SVK6BCQBKZ8YPM1RX2,Ossie,Spoward,ospoward3x@senate.gov,182-175-5583,Pediatrics,15,Ajman,73 Reinke Center
01HV9GW3SYMYQMA70VBK7W372K,Cosetta,McGeachie,cmcgeachie3y@people.com.cn,959-560-7095,Obstetrics,7,Al-Ain,41 Elgar Park
01HV9GW3T0W4Z9GAR5C126ASTJ,Joelynn,Records,jrecords3z@acquirethisname.com,513-468-3561,Ophthalmology,12,Al-Ain,2438 Shasta Center
01HV9GW3T2VX1KS2DATZ7E2K2G,Carmine,Waghorn,cwaghorn40@unicef.org,511-960-6686,Ophthalmology,6,Umm Al-Quwain,64980 Debra Trail
01HV9GW3T4PA26ZK8034YABH22,Hillard,Stevens,hstevens41@sogou.com,578-645-0868,Internal Medicine,29,Ras Al-Khaimah,7 Eggendart Street
01HV9GW3T60XEVRCP5ND1Y0402,Sondra,Horley,shorley42@mail.ru,656-192-1335,ENT,50,Umm Al-Quwain,269 Westridge Court
01HV9GW3T9HRAAR0PVXXDXXG2Q,Garwood,Blacklidge,gblacklidge43@telegraph.co.uk,918-476-8590,ENT,50,Dubai,5549 Park Meadow Circle
01HV9GW3TBA4XEAYS32JY72HYM,Gerhardt,Spurgin,gspurgin44@fastcompany.com,386-241-9177,Orthopedics,2,Al-Ain,2211 David Pass
01HV9GW3TDHB4SQ830SBD57TAP,Nicola,Gebuhr,ngebuhr45@artisteer.com,558-334-0515,Neurology,34,Abu Dhabi,8 Dorton Junction
01HV9GW3TF3T29Y9816YRWC6H1,Zachary,Fosse,zfosse46@berkeley.edu,376-311-5742,Internal Medicine,38,Umm Al-Quwain,1919 Meadow Ridge Hill
01HV9GW3THHGF2N343DYWH53TX,Nani,Balf,nbalf47@economist.com,237-980-9002,Obstetrics,24,Umm Al-Quwain,39 Veith Terrace
01HV9GW3TMT1QF8J8RAZF138X6,Hanan,Bartolomeotti,hbartolomeotti48@fastcompany.com,519-644-5432,Internal Medicine,48,Umm Al-Quwain,6110 Vermont Drive
01HV9GW3TNFN1VVWG5E4SSE678,Augusto,Penylton,apenylton49@diigo.com,377-905-5095,Neurology,9,Dubai,19 Luster Pass
01HV9GW3TNJ3V4RH86Z9JDZK9S,Mace,Birkinshaw,mbirkinshaw4a@dropbox.com,563-549-9572,Psychiatry,10,Ajman,43 Sheridan Point
01HV9GW3TPEZBY5YFKMVT3TH54,Stormy,Linwood,slinwood4b@storify.com,234-454-8382,Cardiology,9,Sharjah,3812 Victoria Avenue
01HV9GW3TQ0KWRBJR4FZQAX7TY,Ad,MacGilpatrick,amacgilpatrick4c@printfriendly.com,559-760-3648,Psychiatry,29,Abu Dhabi,1 Spenser Parkway
01HV9GW3TR5JFQVJSFE4T3X1AP,Viola,Carlon,vcarlon4d@aboutads.info,800-576-9231,Ophthalmology,29,Ajman,842 Sheridan Hill
01HV9GW3TSCP3NA4WMKW0CDWH7,Gawen,Barbosa,gbarbosa4e@github.com,386-452-8150,Psychiatry,17,Al-Ain,71 Ilene Place
01HV9GW3TTWADKSSDMKTVX3SW0,Susanetta,Chinge,schinge4f@meetup.com,695-688-9005,Dermatology,31,Ajman,09060 Havey Junction
01HV9GW3TVMXF81QVMSSGTCSRG,Dalis,Cordery,dcordery4g@example.com,816-372-4405,ENT,32,Ras Al-Khaimah,69582 Brickson Park Street
01HV9GW3TWMDY417SQAR10C7M3,Cedric,Cavill,ccavill4h@cornell.edu,964-162-4509,Ophthalmology,39,Ras Al-Khaimah,18 Pepper Wood Plaza
01HV9GW3TXMG44FHYZWK2VJ74A,Tremayne,Bauckham,tbauckham4i@admin.ch,957-481-8350,Orthopedics,9,Ajman,99 High Crossing Road
01HV9GW3TY6GA90H0J068WA908,Devora,Jachtym,djachtym4j@cafepress.com,491-983-5826,Neurology,12,Abu Dhabi,32832 Hauk Way
01HV9GW3TZ11VS35C2GGA8HWZ1,Alfonso,McGilleghole,amcgilleghole4k@oaic.gov.au,120-481-8011,Obstetrics,41,Dubai,1612 Mosinee Point
01HV9GW3V06VAN8MRRMVSZ7NQV,Brigg,Kain,bkain4l@myspace.com,309-627-1517,Cardiology,46,Ras Al-Khaimah,51662 Florence Crossing
01HV9GW3V197Y2A9NBHDTF1THJ,Cointon,Pepye,cpepye4m@macromedia.com,618-237-0392,Internal Medicine,27,Al-Ain,937 Monica Terrace
01HV9GW3V2F2TDHMK6ZY9X92E9,Odo,McNiven,omcniven4n@dedecms.com,563-890-1254,Neurology,29,Umm Al-Quwain,3586 Arrowood Pass
01HV9GW3V2GDB4EBG16ZYHDBTA,Lemmie,Schroder,lschroder4o@cyberchimps.com,537-379-9679,ENT,24,Al-Ain,520 Clyde Gallagher Road
01HV9GW3V34A95Z0Q6A8MKQ5YV,Emilie,Channon,echannon4p@examiner.com,111-547-3394,Cardiology,14,Umm Al-Quwain,152 International Place
01HV9GW3V57HBB46BZR6JY8DGQ,Prudence,Chaffey,pchaffey4q@usa.gov,304-780-4396,Psychiatry,37,Ras Al-Khaimah,695 Shopko Alley
01HV9GW3V60HPMP8M2AFVK956Y,Michell,Duckerin,mduckerin4r@sciencedaily.com,781-988-4003,Psychiatry,35,Sharjah,8522 Fallview Terrace
01HV9GW3V8Q0VCT1R543GD8TEH,Darrelle,Maffiotti,dmaffiotti4s@csmonitor.com,656-707-1324,Ophthalmology,22,Ras Al-Khaimah,494 Johnson Alley
01HV9GW3V863M5XXH64TZ304NY,Faith,Brooksby,fbrooksby4t@amazon.com,599-762-7561,Pediatrics,7,Umm Al-Quwain,8940 Columbus Way
01HV9GW3V9YMKN2FQXDFF14DWC,Lane,D'Costa,ldcosta4u@unicef.org,807-223-1214,Obstetrics,1,Ajman,4794 Holy Cross Road
01HV9GW3VB73M8N9M024A8KG19,Concordia,Salmoni,csalmoni4v@stumbleupon.com,466-733-7541,ENT,19,Al-Ain,824 Loomis Junction
01HV9GW3VDETAETYFA1EMYG3S9,Morissa,Byars,mbyars4w@mit.edu,159-139-5010,Dermatology,27,Sharjah,93689 Continental Alley
01HV9GW3VFY02AYXA4C13KC3QY,Kevan,Membry,kmembry4x@aboutads.info,944-763-1801,Ophthalmology,6,Abu Dhabi,2532 Melrose Point
01HV9GW3VGTD34V77D0B34WYG4,Adelaida,Ballance,aballance4y@arizona.edu,131-692-6279,Cardiology,50,Abu Dhabi,03 Farwell Trail
01HV9GW3VH1PRBVTNBQSS4266D,Westbrooke,Depper,wdepper4z@g.co,140-123-4663,Ophthalmology,14,Dubai,136 Morning Park
01HV9GW3VJ2XGFX1EF44149Y29,Lorna,Geaney,lgeaney50@furl.net,218-853-7580,Orthopedics,47,Ajman,418 Golf View Plaza
01HV9GW3VMPYFBPAHDWXR73CGT,Horatia,Tantum,htantum51@cnet.com,271-613-0397,Ophthalmology,45,Dubai,5824 Londonderry Drive
01HV9GW3VNA8B3A7HMXB83QMK5,Rowney,Pickburn,rpickburn52@nyu.edu,979-843-4010,Ophthalmology,21,Dubai,5 Manufacturers Point
01HV9GW3VPK6K42ZBYWFGP3T1J,Jeffrey,Schelle,jschelle53@washington.edu,302-882-2015,Orthopedics,10,Umm Al-Quwain,68047 Brown Trail
01HV9GW3VQ8QYDZB8RHB58DNBP,Denni,Hearne,dhearne54@narod.ru,561-228-0996,Cardiology,44,Umm Al-Quwain,423 Mcbride Alley
01HV9GW3VT47ZC2AWQ245PQVCP,Meyer,Shah,mshah55@msu.edu,891-118-5452,Cardiology,47,Abu Dhabi,1 Hanson Point
01HV9GW3VVS8D7TEAJBEN9D5B1,Corey,Bourthoumieux,cbourthoumieux56@behance.net,474-432-2360,Dermatology,47,Umm Al-Quwain,92 Clemons Point
01HV9GW3VWVCHH89QHXVKAE8EK,Ernestine,Noble,enoble57@sbwire.com,254-433-1481,Neurology,29,Dubai,09169 Di Loreto Point
01HV9GW3VXAXA6RPRPF1DM1HY5,Jaquenette,Eades,jeades58@globo.com,787-603-9871,Internal Medicine,1,Abu Dhabi,43844 Independence Drive
01HV9GW3VYGHYA5P227VNHZTT5,Elwira,Greedier,egreedier59@1688.com,785-204-9586,Neurology,19,Al-Ain,1632 Goodland Trail
01HV9GW3VZC3XVC72VVQJR8910,Caro,Hardeman,chardeman5a@engadget.com,377-369-0401,ENT,33,Ajman,3 High Crossing Place
01HV9GW3W03KNV60MYY4M0FFGS,Kori,Bullene,kbullene5b@prweb.com,938-687-0037,Cardiology,38,Abu Dhabi,90537 Spaight Road
01HV9GW3W2YKSBS7TD6YHT9Z8X,Concordia,Fawcett,cfawcett5c@washingtonpost.com,706-631-0207,Internal Medicine,15,Al-Ain,6844 Monument Terrace
01HV9GW3W4NNDNVPETJBTG1FZW,Darleen,Kewish,dkewish5d@narod.ru,585-571-1981,Psychiatry,25,Al-Ain,5 Bluejay Terrace
01HV9GW3W6NP77G8H1K6ME1CTM,Domenic,Gladtbach,dgladtbach5e@vistaprint.com,646-602-3533,Ophthalmology,10,Umm Al-Quwain,7180 Johnson Crossing
01HV9GW3W72T7K8VF7P3VYVVYJ,Roseanna,Tailby,rtailby5f@tumblr.com,370-557-2508,Psychiatry,35,Sharjah,6 Raven Hill
01HV9GW3W820MD0X9DF5MV91PS,Adara,Bavidge,abavidge5g@google.com.br,297-439-1612,Pediatrics,33,Dubai,35 Fair Oaks Alley
01HV9GW3W820MRS1G3YN3FQAKP,Candis,Georgeon,cgeorgeon5h@reverbnation.com,146-324-5567,Orthopedics,10,Dubai,47 Moose Junction
01HV9GW3WAH0PADSBC6VY06SC2,Allan,Beazer,abeazer5i@usa.gov,356-198-9075,Cardiology,37,Ras Al-Khaimah,1 Londonderry Trail
01HV9GW3WBKJV7CZNGEF1RRD75,Cyndie,Daspar,cdaspar5j@uol.com.br,565-207-0048,Psychiatry,21,Dubai,241 Hoffman Plaza
01HV9GW3WCRAP3R3WF8MXD1WBE,Kerby,Keemar,kkeemar5k@trellian.com,855-299-8458,Ophthalmology,11,Sharjah,4145 Hazelcrest Terrace
01HV9GW3WEB4EPE0JFPTQ1NC45,Aeriela,Petegrew,apetegrew5l@twitter.com,202-616-9557,Internal Medicine,5,Abu Dhabi,1 Kenwood Court
01HV9GW3WF31PRA00HZZ40JZ0J,Elissa,Loxley,eloxley5m@go.com,514-499-7763,Orthopedics,6,Dubai,828 Warner Avenue
01HV9GW3WGKD4XP3A9W995C5FY,Larissa,Cutmare,lcutmare5n@vkontakte.ru,591-243-7336,ENT,33,Ajman,37 Florence Place
01HV9GW3WH97JT8SBJ4YFRABD7,Sabrina,D'Acth,sdacth5o@house.gov,708-427-6754,Internal Medicine,26,Dubai,44211 Old Gate Lane
01HV9GW3WKZ5W47MAKR2F3JW74,Marcellus,Tuxill,mtuxill5p@buzzfeed.com,338-665-5181,ENT,17,Dubai,222 Raven Junction
01HV9GW3WMEED8ZAYNSNB8NRYV,Gene,Scotchbrook,gscotchbrook5q@dagondesign.com,183-655-6433,ENT,47,Abu Dhabi,199 Coolidge Court
01HV9GW3WM3GAYX0N5B9Q4X9VZ,Elton,Leghorn,eleghorn5r@narod.ru,761-466-5896,Dermatology,19,Ajman,0522 Northport Pass
01HV9GW3WNG3830KW8BW1RP1P5,Ingelbert,Herreran,iherreran5s@goo.ne.jp,139-730-6994,Internal Medicine,22,Abu Dhabi,37388 Rutledge Avenue
01HV9GW3WQA6FT2CS5YBPHGQPZ,Glory,Merrgan,gmerrgan5t@imdb.com,344-848-6416,Neurology,44,Ajman,7116 Shoshone Center
01HV9GW3WR88BDZB9GV46728GD,Burtie,Rate,brate5u@cnn.com,990-324-5478,Pediatrics,18,Sharjah,81921 Esch Terrace
01HV9GW3WSPCW6KK6K0ENQCYME,Rorke,Dowall,rdowall5v@photobucket.com,178-193-7224,Ophthalmology,4,Dubai,5 Stone Corner Avenue
01HV9GW3WVM41GHB38FGA00T8Y,Belita,Roubeix,broubeix5w@posterous.com,456-723-2976,Psychiatry,5,Abu Dhabi,8 Johnson Circle
01HV9GW3WW3DWM7BG28E4HEJMT,Heath,Carass,hcarass5x@washingtonpost.com,966-632-1859,Psychiatry,21,Ras Al-Khaimah,54334 Browning Circle
01HV9GW3WXVJQJ4KKJ3E410JFJ,Ardith,Redmille,aredmille5y@biglobe.ne.jp,363-685-5987,Orthopedics,23,Ras Al-Khaimah,1865 Scott Street
01HV9GW3WXHTG4PHJTTQTJ0B0G,Wilmette,While,wwhile5z@de.vu,238-428-6682,Orthopedics,4,Al-Ain,473 Clarendon Terrace
01HV9GW3WZ1AMED3WJ0BCYN82X,Renata,Dalby,rdalby60@etsy.com,633-389-6687,Obstetrics,8,Ras Al-Khaimah,80 Garrison Parkway
01HV9GW3X13NAV47XZEFKEPP5Y,Elisabetta,Chesser,echesser61@smh.com.au,494-426-7349,Orthopedics,3,Abu Dhabi,4 Basil Terrace
01HV9GW3X35NT23PMBCHZCY00E,Xymenes,Walpole,xwalpole62@ycombinator.com,518-586-6179,Psychiatry,1,Al-Ain,2 Bobwhite Trail
01HV9GW3X48S13NFYZ55M3C4VF,Cyndie,Maccraw,cmaccraw63@europa.eu,675-338-7490,Orthopedics,40,Dubai,710 Welch Court
01HV9GW3X42492Y4YCK28GHNVJ,Harlan,Hechlin,hhechlin64@networksolutions.com,598-785-1001,Neurology,4,Dubai,9558 Waubesa Way
01HV9GW3X5RSDTVC5K3ABYXG4F,Carolina,Sammars,csammars65@mapquest.com,895-895-3685,Psychiatry,46,Ras Al-Khaimah,04302 Hayes Drive
01HV9GW3X701Y0S83X796VRXET,Angie,Dunseath,adunseath66@patch.com,266-403-1264,Neurology,39,Umm Al-Quwain,954 Morningstar Drive
01HV9GW3X8PAND27D65WHJNE54,Kati,Capps,kcapps67@dion.ne.jp,804-927-0522,Obstetrics,43,Umm Al-Quwain,9 Muir Street
01HV9GW3X9TXQ8MHBN1EP0FPCR,Arden,Reid,areid68@paypal.com,586-164-3852,Neurology,36,Dubai,17 Independence Road
01HV9GW3XAT0CRRYJ5N7RTEVP9,Barnabe,Bedle,bbedle69@miitbeian.gov.cn,950-437-1217,Dermatology,25,Abu Dhabi,403 Pennsylvania Avenue
01HV9GW3XBG727ME3NH5B36JHM,Isidoro,Bolley,ibolley6a@hubpages.com,444-285-3434,ENT,47,Dubai,7910 Lighthouse Bay Terrace
01HV9GW3XC286X0B6EH0XXR05Y,Legra,Keford,lkeford6b@bloomberg.com,383-553-0591,Dermatology,1,Ajman,5 Eliot Place
01HV9GW3XDB2F8TYD1P2E6C6PV,Bealle,Eborn,beborn6c@nymag.com,769-961-0428,Cardiology,48,Dubai,60 Farmco Alley
01HV9GW3XECD7PG6WF4QNJC81F,Koressa,Inworth,kinworth6d@last.fm,467-152-9189,Obstetrics,28,Dubai,43850 Macpherson Terrace
01HV9GW3XFX2BABR2YAQ0G6M8K,Kassie,Siggery,ksiggery6e@nbcnews.com,382-386-7973,Dermatology,28,Abu Dhabi,444 Merchant Parkway
01HV9GW3XGS4X1QAQRH0G5NMYQ,Michele,Soal,msoal6f@princeton.edu,585-721-4222,Cardiology,12,Abu Dhabi,08 Scoville Center
01HV9GW3XH48ZN94PF42N3R79Z,Jacquenette,MacGaughy,jmacgaughy6g@naver.com,574-444-3243,Obstetrics,30,Abu Dhabi,5 Crownhardt Avenue
01HV9GW3XJF7R1A88RDANEG28A,Renado,Yeoland,ryeoland6h@dedecms.com,251-163-6706,Ophthalmology,47,Abu Dhabi,49477 Little Fleur Avenue
01HV9GW3XJ2WXV205CEQ9VDNWS,Dusty,Sabine,dsabine6i@360.cn,685-498-0260,Cardiology,1,Umm Al-Quwain,815 Butternut Lane
01HV9GW3XK7CMXTXPHGS6JKCG9,Sal,Idenden,sidenden6j@walmart.com,357-452-4033,Psychiatry,38,Ras Al-Khaimah,7 Kipling Crossing
01HV9GW3XMZX5T3RGXF34P85H4,Lazarus,Jeandel,ljeandel6k@independent.co.uk,520-231-8267,Psychiatry,24,Al-Ain,03 Buena Vista Park
01HV9GW3XNA2X7DSJDE414M8PS,Scotti,Brunelli,sbrunelli6l@livejournal.com,848-612-6182,Neurology,32,Ajman,5 2nd Street
01HV9GW3XP6XVWHXREJWGES7CR,Zane,Venus,zvenus6m@ihg.com,354-131-4215,Cardiology,50,Umm Al-Quwain,9122 Goodland Crossing
01HV9GW3XQW8X1ZJR129QNGQDQ,Leslie,Glendinning,lglendinning6n@gizmodo.com,617-203-0775,Cardiology,47,Ras Al-Khaimah,6498 Ryan Crossing
01HV9GW3XRV8XRMS74CN9VNXMZ,Ermengarde,Chritchley,echritchley6o@purevolume.com,940-998-5156,Neurology,2,Dubai,9365 Elmside Center
01HV9GW3XS7ZKJTN6VE43TZ47C,Cirstoforo,Ousley,cousley6p@auda.org.au,772-325-9713,Cardiology,49,Ajman,32 Dwight Place
01HV9GW3XTX291SJ50PE8RN0WA,Juditha,Gobel,jgobel6q@pagesperso-orange.fr,206-388-9283,Internal Medicine,33,Ajman,31 Waywood Drive
01HV9GW3XVP2RMGA4WS5YMDGPR,Belia,Sillis,bsillis6r@joomla.org,749-691-5731,Pediatrics,21,Dubai,92 Bunting Way
01HV9GW3XWAD7V72QWAHM30QT6,Tierney,Husher,thusher6s@unesco.org,213-888-5416,Cardiology,29,Sharjah,99884 Farmco Court
01HV9GW3XX41CXPAY44ZMFA3CT,Massimiliano,Marin,mmarin6t@nyu.edu,806-829-9759,Dermatology,12,Ajman,988 Lakeland Plaza
01HV9GW3XXER7KCM0RWSJ0XXH6,Frasquito,Lapham,flapham6u@nifty.com,990-241-3044,Ophthalmology,2,Dubai,4057 Sheridan Lane
01HV9GW3XYVEZPMB7QWVGF8P15,Remus,Flintiff,rflintiff6v@thetimes.co.uk,936-555-5968,Pediatrics,7,Umm Al-Quwain,395 Pawling Plaza
01HV9GW3XZDNEGMPG23XZA51EA,Krishnah,Findley,kfindley6w@icq.com,262-876-6490,Psychiatry,45,Sharjah,233 Menomonie Court
01HV9GW3Y0F8YW5TJHXBEC5MZW,Ilysa,Heinle,iheinle6x@ustream.tv,775-933-3563,Psychiatry,21,Sharjah,88033 Orin Avenue
01HV9GW3Y17NHS2WGGRBYZ5SR1,Hewett,Ferryn,hferryn6y@surveymonkey.com,216-884-8871,ENT,36,Umm Al-Quwain,84271 Summit Place
01HV9GW3Y2V5FTXRQX6HHQ0Z4B,Randene,Tack,rtack6z@marketwatch.com,122-398-9744,Ophthalmology,41,Al-Ain,23326 Heath Trail
01HV9GW3Y38Q53R8H0M7Y07AC8,Anneliese,Craw,acraw70@sun.com,313-522-1793,Dermatology,24,Sharjah,43 Debs Drive
01HV9GW3Y4DCQJ9ZGM7MM4CEMY,Anderson,Iacovacci,aiacovacci71@sbwire.com,597-603-6880,Cardiology,43,Sharjah,3301 Sage Alley
01HV9GW3Y55ATK3JGNKX2VEJ54,Minette,Sumbler,msumbler72@reference.com,929-672-0992,Internal Medicine,32,Ajman,26 Pierstorff Terrace
01HV9GW3Y6JBNZYR1HGG0Y7AJY,Lesley,Benediktsson,lbenediktsson73@comsenz.com,290-903-0636,Orthopedics,50,Ras Al-Khaimah,85 Becker Park
01HV9GW3Y7YQB503GDB1ZXQT28,Lisabeth,Kippling,lkippling74@fema.gov,389-283-5017,Obstetrics,33,Abu Dhabi,4835 Weeping Birch Park
01HV9GW3Y81ZJY94J0HKP3CBVV,Fritz,Taggerty,ftaggerty75@businessweek.com,966-599-7744,Psychiatry,16,Sharjah,5 Myrtle Court
01HV9GW3Y9FQM3RVHZXYKBAAFP,Amalita,Gates,agates76@tamu.edu,418-825-6416,ENT,5,Ras Al-Khaimah,2 Lindbergh Avenue
01HV9GW3YAWBF73SP7YC6XZ4TB,Cecil,Vila,cvila77@sciencedaily.com,487-949-8583,Neurology,47,Ajman,90944 Loftsgordon Hill
01HV9GW3YBMR3X62YNVD0804BW,Kat,Mallender,kmallender78@surveymonkey.com,501-704-2530,Neurology,22,Dubai,08704 Scoville Avenue
01HV9GW3YCYZBZCXZZCHH89KBE,Creight,Winney,cwinney79@ucsd.edu,355-158-6000,Psychiatry,47,Sharjah,6463 Brentwood Plaza
01HV9GW3YD3ZWQX9PJQAY6GXFA,Terrance,Droogan,tdroogan7a@samsung.com,133-948-7952,Dermatology,23,Ras Al-Khaimah,558 Elka Road
01HV9GW3YE83WSJCPZ4MJ6SW0T,Purcell,Sparham,psparham7b@ebay.co.uk,434-738-6831,Ophthalmology,31,Umm Al-Quwain,5501 Sundown Park
01HV9GW3YES7BRZT27D7JQ1ZP0,Susann,Welband,swelband7c@seattletimes.com,194-858-5249,Internal Medicine,22,Ras Al-Khaimah,85709 Northfield Plaza
01HV9GW3YFF452MG82RWG8WDGZ,Ricard,Paddeley,rpaddeley7d@google.com.au,127-846-3140,Neurology,17,Ajman,42 Macpherson Street
01HV9GW3YGYA7JT6EHDECW7PAX,Janette,Milton-White,jmiltonwhite7e@hud.gov,310-595-8842,Dermatology,45,Sharjah,5917 Mcguire Place
01HV9GW3YHD9NZE568HJ3NDBQ9,Heloise,Lamberton,hlamberton7f@sourceforge.net,285-536-3300,Orthopedics,19,Abu Dhabi,6342 Aberg Lane
01HV9GW3YJMBE1W2X67097A11A,Pauletta,Vercruysse,pvercruysse7g@g.co,556-746-5183,Ophthalmology,34,Al-Ain,4659 Crownhardt Road
01HV9GW3YK3ZQ64N0S9SQMG2XY,Shandy,MacAdie,smacadie7h@opensource.org,738-841-1640,ENT,26,Ajman,2 Westport Avenue
01HV9GW3YME89Y14YW51XVZXTM,Witty,Varvell,wvarvell7i@cmu.edu,893-228-4185,Obstetrics,2,Abu Dhabi,85506 Shoshone Junction
01HV9GW3YNX4ZX2PX61A7VPRV7,Farica,Pes,fpes7j@tripadvisor.com,883-880-7792,ENT,1,Al-Ain,5 Kingsford Park
01HV9GW3YP36CEQHPPG3SRX6WT,Thibaud,Slaght,tslaght7k@ezinearticles.com,905-853-7885,Dermatology,33,Sharjah,294 Ridgeway Parkway
01HV9GW3YQNA6ZEK6A0Y8SS4GN,Yuri,Massimo,ymassimo7l@moonfruit.com,780-634-5528,Neurology,26,Abu Dhabi,0502 Stuart Plaza
01HV9GW3YR944SFAR02R28EWDZ,Kellyann,Cogzell,kcogzell7m@aol.com,152-298-9997,Cardiology,22,Sharjah,2 Jenifer Alley
01HV9GW3YSD5DCB8RTFQETPY94,Zandra,Laurens,zlaurens7n@google.ca,127-755-1819,Internal Medicine,16,Abu Dhabi,880 Lindbergh Avenue
01HV9GW3YS9AZ07AKG171TCW3N,Jorgan,Garett,jgarett7o@google.co.jp,622-138-3745,ENT,33,Dubai,41 Leroy Crossing
01HV9GW3YT5W0FV77WHSC90WH4,Stan,Georgeou,sgeorgeou7p@yellowbook.com,953-141-1031,Orthopedics,11,Ras Al-Khaimah,33254 Spohn Court
01HV9GW3YVPBH7PAP7TG8504D6,Dari,Varley,dvarley7q@phoca.cz,285-562-6421,Neurology,46,Dubai,18 Bonner Trail
01HV9GW3YWD3PJ56GD6E2HHSBR,Waylin,Gallardo,wgallardo7r@symantec.com,375-541-2434,Cardiology,8,Dubai,5 Montana Terrace
01HV9GW3ZAXCAYDSEXHEX9B9X8,Morgun,Schoenfisch,mschoenfisch7s@tuttocitta.it,733-944-6680,Obstetrics,46,Sharjah,917 Meadow Ridge Lane
01HV9GW3ZCTZAEWY5A4J7J30PG,Vasilis,Kildea,vkildea7t@meetup.com,161-222-1245,Orthopedics,1,Umm Al-Quwain,98553 Killdeer Way
01HV9GW3ZDB3SBJCASPTGW22EJ,Dorotea,McPhate,dmcphate7u@jalbum.net,509-659-7391,Cardiology,4,Umm Al-Quwain,57 Hanson Parkway
01HV9GW3ZF80F1DN0EWSTQ3E0N,Tyne,Crich,tcrich7v@studiopress.com,374-444-0376,ENT,3,Abu Dhabi,925 2nd Avenue
01HV9GW3ZHGHB6ZP42MRJB8J2V,Leone,MacMeekan,lmacmeekan7w@google.de,765-639-4422,Psychiatry,37,Sharjah,71 Clyde Gallagher Lane
01HV9GW3ZJ97T126SVX72DK8A4,Maurizio,Allpress,mallpress7x@slideshare.net,665-541-5738,Obstetrics,2,Sharjah,09 Nobel Place
01HV9GW3ZKHQ70GYAN2A3971W7,Niki,Grisedale,ngrisedale7y@surveymonkey.com,166-590-5521,Orthopedics,11,Sharjah,0 Oneill Avenue
01HV9GW3ZMGP4VXB1H6VYDACEG,Elset,Strase,estrase7z@google.fr,571-876-6021,Internal Medicine,40,Ras Al-Khaimah,437 Sachs Park
01HV9GW3ZP9MCR6XEDSYBE9CHN,Keefer,Echallier,kechallier80@home.pl,686-595-7563,Dermatology,22,Ajman,028 Canary Avenue
01HV9GW3ZQPB0SB8135XNJ7KT6,Odetta,Eltone,oeltone81@51.la,738-997-3893,Neurology,14,Dubai,16 Fair Oaks Avenue
01HV9GW3ZR7D4P1RHVRDJCH2WK,Roi,Deas,rdeas82@phpbb.com,827-575-8827,Obstetrics,18,Abu Dhabi,61906 Daystar Circle
01HV9GW3ZT493DT34KEN87PKKS,Sergei,Trusler,strusler83@latimes.com,333-751-1650,Ophthalmology,9,Sharjah,549 Old Shore Place
01HV9GW3ZWKJ1BF08GE20ZGRS1,Carmelia,Alden,calden84@wsj.com,889-303-5426,Neurology,6,Dubai,706 Clarendon Hill
01HV9GW3ZYDJK17TXCMQBT1CXX,Marinna,Isbell,misbell85@washingtonpost.com,169-740-7432,Dermatology,31,Abu Dhabi,69 Merry Junction
01HV9GW3ZZX3AW9GVNQMMXKJ0Z,Verne,Yerrell,vyerrell86@about.com,328-607-8491,Dermatology,26,Al-Ain,2413 Monument Hill
01HV9GW400D7K36NRMFNRT7AX8,Taryn,Filippazzo,tfilippazzo87@nytimes.com,570-119-8941,Internal Medicine,22,Dubai,6223 Twin Pines Avenue
01HV9GW401W6YEPAN0KGBNTBWR,Korney,Oxbrough,koxbrough88@samsung.com,296-851-8626,Dermatology,23,Dubai,62451 Eastwood Point
01HV9GW4034WHR6X45PQK7KKRC,Edie,Moody,emoody89@gravatar.com,668-802-5699,Obstetrics,27,Ajman,8631 Delaware Pass
01HV9GW4056YS202CJH461VAY1,Adrian,Fleeman,afleeman8a@symantec.com,551-294-9850,Cardiology,38,Ajman,23061 Welch Crossing
01HV9GW406GEJ5R9XEQ6PZD76Y,Silvie,Skirrow,sskirrow8b@comcast.net,924-545-4532,Orthopedics,19,Dubai,3 Morningstar Street
01HV9GW40863SG5ZQH5PEZSM3C,Inez,Glyde,iglyde8c@i2i.jp,315-360-3259,Neurology,30,Abu Dhabi,3261 Shopko Crossing
01HV9GW409JK598AN023YNS4DY,Waldo,McKintosh,wmckintosh8d@creativecommons.org,547-417-7636,Ophthalmology,33,Dubai,80651 Old Shore Avenue
01HV9GW40AQ65TC9E5CCRJPGTV,Chery,Tigwell,ctigwell8e@joomla.org,895-753-0985,ENT,34,Ajman,422 Becker Hill
01HV9GW40BKCDB5Y08J4A1W42B,Gifford,Hellis,ghellis8f@yellowbook.com,326-748-5532,ENT,9,Al-Ain,01625 Fieldstone Alley
01HV9GW40CNFZ5PJ4Y8Q18A484,Petrina,Garrud,pgarrud8g@ehow.com,786-633-6662,Obstetrics,40,Sharjah,7 Kipling Alley
01HV9GW40D6NH73R9TC63GVABS,Orren,Rockliffe,orockliffe8h@ucla.edu,583-467-9644,Internal Medicine,8,Ajman,48 Stang Circle
01HV9GW40FS6G84YECKBD7BPDE,Editha,Been,ebeen8i@yahoo.co.jp,539-585-0657,Obstetrics,37,Dubai,655 Huxley Plaza
01HV9GW40GTBEE3XEM9MTVS9YM,Mario,Madgwick,mmadgwick8j@oracle.com,866-499-3087,Pediatrics,39,Al-Ain,305 Cody Place
01HV9GW40H9Z1E8KBBP100SVJY,Benni,Northeast,bnortheast8k@addthis.com,906-936-4461,Obstetrics,42,Ajman,35 Tennyson Lane
01HV9GW40JNC50QK006CCGTXPF,Robina,Duester,rduester8l@dagondesign.com,420-316-2264,Internal Medicine,6,Al-Ain,5760 Knutson Court
01HV9GW40KM8J5CH38NXMRHR0D,Thane,Clohissy,tclohissy8m@linkedin.com,357-100-5241,Orthopedics,5,Umm Al-Quwain,2 Scoville Alley
01HV9GW40NQQSYSDB0S5CJYCDT,Lynsey,Stuck,lstuck8n@shinystat.com,284-244-8177,ENT,1,Abu Dhabi,69554 Boyd Avenue
01HV9GW40QSYSSBANM32V4YM5M,Vernice,Spir,vspir8o@mtv.com,904-678-3212,Orthopedics,16,Umm Al-Quwain,749 David Hill
01HV9GW40SJS7BGDAMKT3HQE5E,Ilyssa,Mingardi,imingardi8p@disqus.com,218-283-8059,ENT,27,Umm Al-Quwain,589 Jenna Center
01HV9GW40T5XE0MDW4EXHBFACX,Kate,Kolak,kkolak8q@nifty.com,875-869-1461,ENT,44,Umm Al-Quwain,44 Autumn Leaf Pass
01HV9GW40WGK1XXRH2CHGTMX5M,Addia,Burvill,aburvill8r@hc360.com,907-464-1135,Dermatology,22,Dubai,29 Basil Hill
01HV9GW40XJYCPCZQ0Y1JS59BW,Flor,McDermott-Row,fmcdermottrow8s@mtv.com,343-503-9518,Dermatology,6,Al-Ain,860 Lyons Junction
01HV9GW40ZVCJQANB17QAXGHWT,Lynnett,Bullivent,lbullivent8t@ihg.com,743-215-0349,Dermatology,37,Dubai,5991 4th Parkway
01HV9GW410T1D2ASQ91K26NGEE,Yolane,Kilfedder,ykilfedder8u@com.com,627-275-5153,Orthopedics,34,Ras Al-Khaimah,20 Petterle Drive
01HV9GW412BZF2ZTEJFVAWDT76,Madlen,Cotes,mcotes8v@indiatimes.com,346-520-8398,Dermatology,27,Sharjah,6699 Parkside Way
01HV9GW414J3YYJ7ZPC1GG7JV1,Shanta,Pittam,spittam8w@prnewswire.com,515-468-7008,Psychiatry,28,Ras Al-Khaimah,2611 Stoughton Court
01HV9GW416KVZQVTHYSED5QMWZ,Evangelia,Bulpitt,ebulpitt8x@cornell.edu,400-977-1657,Cardiology,21,Ajman,4564 Kennedy Avenue
01HV9GW417CVSN1TJE7NJJF8ZV,Stanleigh,Hackley,shackley8y@nytimes.com,416-144-8629,Psychiatry,5,Dubai,811 Dapin Point
01HV9GW4196WQ0Z90T1B52WV67,Consuelo,Baggaley,cbaggaley8z@so-net.ne.jp,365-349-5296,Obstetrics,32,Ras Al-Khaimah,197 Prairieview Crossing
01HV9GW41AMZ95HWXW9T5CVXD7,Gaynor,Shipman,gshipman90@howstuffworks.com,246-957-4113,Psychiatry,28,Ajman,71867 Bultman Crossing
01HV9GW41CVA24T4BYNZ1XAW16,Greta,Le Ball,gleball91@chronoengine.com,840-886-8142,Cardiology,37,Umm Al-Quwain,565 Dovetail Pass
01HV9GW41ECQWJR5EP1CHMX3YN,Lelah,Spikeings,lspikeings92@live.com,245-966-8812,ENT,6,Al-Ain,1587 John Wall Alley
01HV9GW41FQWTVEK4GYDD5M1WT,Lulu,OIlier,loilier93@blogs.com,165-163-1607,Obstetrics,35,Ajman,8410 Old Shore Road
01HV9GW41H7MNMV2JK9QADTYGJ,Gregory,Anderbrugge,ganderbrugge94@ted.com,656-205-3822,Orthopedics,23,Abu Dhabi,55269 Service Road
01HV9GW41KPTQS66FMXMH92Q9M,Renaud,Concannon,rconcannon95@nymag.com,654-670-4748,Psychiatry,17,Sharjah,6886 Dorton Hill
01HV9GW41MN9TF5VK5PYS4V99A,Jillian,Garmey,jgarmey96@chron.com,600-649-1521,Neurology,48,Al-Ain,5 Columbus Center
01HV9GW41PH72Z32PRCZAGGTH9,Emelina,Lardner,elardner97@bbc.co.uk,790-280-1740,Orthopedics,13,Abu Dhabi,9016 Eggendart Lane
01HV9GW41RMFKP92KCT318Q5FE,Grete,Amaya,gamaya98@tamu.edu,998-695-6572,Pediatrics,12,Dubai,684 Stang Alley
01HV9GW41SXRK1S4D5388Z7ADN,Rabbi,Comerford,rcomerford99@adobe.com,723-995-0022,Internal Medicine,25,Sharjah,8 Tennessee Way
01HV9GW41VGZYVZ9ZCB2B4MZSE,Malachi,Link,mlink9a@scribd.com,793-207-7988,Neurology,46,Ras Al-Khaimah,85 Straubel Pass
01HV9GW41X05YKGZMKF8EK1XJ5,Trumann,Blazdell,tblazdell9b@apple.com,695-518-3621,Obstetrics,4,Dubai,416 Huxley Parkway
01HV9GW41Y367BWGXA7C3DGEEY,Yorker,Simonnet,ysimonnet9c@gov.uk,209-834-9523,Cardiology,25,Ajman,62673 Stoughton Park
01HV9GW420DWG5DSEBHA7QR22K,Addi,McGuinley,amcguinley9d@prweb.com,557-943-1645,Neurology,16,Ras Al-Khaimah,007 Waxwing Park
01HV9GW422HEPXYMR4SMGM90XP,Wanda,Messham,wmessham9e@phoca.cz,183-103-0758,Neurology,41,Umm Al-Quwain,31 Canary Point
01HV9GW424TZT5Y9X7G8JVNA9V,Lind,Sushams,lsushams9f@phpbb.com,473-309-1243,Orthopedics,30,Al-Ain,3 Doe Crossing Drive
01HV9GW425SM15PFFEZCJB05QA,Son,Kaming,skaming9g@eepurl.com,387-846-9183,Psychiatry,36,Ras Al-Khaimah,6105 Quincy Circle
01HV9GW426YHA5QVBK56E7F9FM,Kile,Godbolt,kgodbolt9h@harvard.edu,924-268-9176,Obstetrics,31,Sharjah,732 Waywood Terrace
01HV9GW427S4RVWKWF5TVN9QE9,Meade,Blasdale,mblasdale9i@opensource.org,759-546-5864,Ophthalmology,6,Dubai,24799 Walton Circle
01HV9GW429NRRB5RVKSR2B8D3E,Bessy,Beardwell,bbeardwell9j@nih.gov,425-705-5219,Psychiatry,10,Umm Al-Quwain,751 Goodland Place
01HV9GW42B3HZP4SJKCREY5RHM,Lelah,Eve,leve9k@hatena.ne.jp,172-676-9707,Pediatrics,46,Ras Al-Khaimah,519 Northwestern Parkway
01HV9GW42C9JAYANSFZ6JGMKP6,Victor,Pawelczyk,vpawelczyk9l@tamu.edu,167-275-1125,Ophthalmology,15,Al-Ain,95 1st Terrace
01HV9GW42DWG68AD8SGMAQKAXK,Sadye,Ellerbeck,sellerbeck9m@admin.ch,976-574-6007,Dermatology,4,Ajman,884 Crownhardt Trail
01HV9GW42FYN66EE5ZNJ4ZADN8,Karita,Andrioletti,kandrioletti9n@psu.edu,874-745-3657,Internal Medicine,43,Dubai,93497 Ridgeview Trail
01HV9GW42GBVAW1VXH8175RNNH,Lauren,Panichelli,lpanichelli9o@xing.com,478-615-0696,Neurology,8,Sharjah,34182 Randy Circle
01HV9GW42HR2RXXWKA3K8P22B4,Demetrius,Redbourn,dredbourn9p@123-reg.co.uk,315-898-6329,Neurology,13,Al-Ain,95 Oak Place
01HV9GW42JW6NDSPCYDFYC2RE7,Britt,McCobb,bmccobb9q@buzzfeed.com,463-908-8361,Neurology,2,Umm Al-Quwain,394 Burrows Place
01HV9GW42KYF5NPDV72REVX9F9,Aurel,Senechault,asenechault9r@aol.com,325-311-1955,Neurology,39,Abu Dhabi,5293 Fallview Point
01HV9GW42M5KKBBBTN22W4YVSE,Seth,Sallter,ssallter9s@paginegialle.it,145-614-9654,Cardiology,34,Sharjah,13722 Lighthouse Bay Parkway
01HV9GW42N51RZS2H6PNAQNGV9,Brocky,Muldrew,bmuldrew9t@odnoklassniki.ru,987-753-8139,Orthopedics,5,Al-Ain,360 Fisk Terrace
01HV9GW42QYP5K00T0D0BS8XFT,Ferguson,Rucklesse,frucklesse9u@people.com.cn,718-300-6991,Ophthalmology,36,Ajman,49756 Di Loreto Point
01HV9GW42SXEEN3SB165J1W7KS,Nikola,De Beneditti,ndebeneditti9v@abc.net.au,285-320-7370,Dermatology,4,Abu Dhabi,574 Sheridan Way
01HV9GW42T5BPEESE559YNEBK6,Findlay,Crosgrove,fcrosgrove9w@berkeley.edu,865-487-4280,Internal Medicine,12,Umm Al-Quwain,8416 Barnett Circle
01HV9GW42VTJ8RV60EM8HCN9QZ,Opaline,Ord,oord9x@goo.gl,874-744-0030,Ophthalmology,49,Abu Dhabi,45698 Pankratz Point
01HV9GW42W27S28RKXT418WGTW,Buck,Rotter,brotter9y@bbc.co.uk,421-613-0004,Neurology,2,Ras Al-Khaimah,922 Florence Hill
01HV9GW42XV1DG7SNN3MBTX5C3,Terrijo,MacTurlough,tmacturlough9z@ehow.com,260-216-2963,Pediatrics,9,Al-Ain,694 Bay Junction
01HV9GW42Y2M5TXPQ1H1G1GXB1,Ezmeralda,Faill,efailla0@miitbeian.gov.cn,496-323-9520,Ophthalmology,4,Sharjah,04 Daystar Point
01HV9GW42Z5EEFNDNW10SYAACP,Marika,Capel,mcapela1@1und1.de,723-421-9161,Pediatrics,36,Abu Dhabi,397 Barnett Drive
01HV9GW430J8R8JFX7D59D77WK,Lindi,Bresner,lbresnera2@unc.edu,897-226-2117,Internal Medicine,49,Al-Ain,4 Bowman Pass
01HV9GW431269QHA055DPH45PQ,Sheilah,Andriolli,sandriollia3@sina.com.cn,907-298-6334,ENT,7,Umm Al-Quwain,535 Darwin Point
01HV9GW432VKXCMGN02HRVZZXE,Sutherlan,Jedrysik,sjedrysika4@nature.com,991-240-5444,Cardiology,20,Abu Dhabi,41 8th Drive
01HV9GW433QTNZMCHFBZSS5TJH,Amos,Aldersey,aalderseya5@tmall.com,213-916-7583,Dermatology,16,Sharjah,62 Jana Trail
01HV9GW434RKGX702VXN3SZ17F,Yehudi,Witham,ywithama6@blogspot.com,380-389-4788,Psychiatry,34,Sharjah,77 Springs Crossing
01HV9GW4354YR3583GBQZCHPVT,Vinny,Jarrelt,vjarrelta7@europa.eu,197-322-0442,Ophthalmology,46,Dubai,6 Sommers Street
01HV9GW436T56BXJF33TCT3WX3,Hastings,Rysdale,hrysdalea8@wordpress.org,289-927-9369,Pediatrics,2,Ajman,489 Butterfield Place
01HV9GW4372MA0PAVNRJ67TSZ1,Jacobo,Painten,jpaintena9@sun.com,287-731-4848,Psychiatry,10,Umm Al-Quwain,14 Pennsylvania Pass
01HV9GW438AP9Y16C6N7K66HHA,Serena,Giffaut,sgiffautaa@xrea.com,601-910-8091,Psychiatry,27,Dubai,9792 Iowa Avenue
01HV9GW4399382KJBSEKCH7AN7,Vivyanne,Munford,vmunfordab@phpbb.com,508-424-1776,Neurology,5,Abu Dhabi,9297 Delaware Court
01HV9GW43AM9K0E8YJ2271JWVY,Dell,Wetherburn,dwetherburnac@mysql.com,518-412-2672,Orthopedics,15,Abu Dhabi,27 Little Fleur Road
01HV9GW43BVVR14E07XB0W866E,Griffy,Brixey,gbrixeyad@livejournal.com,784-394-5866,Cardiology,28,Dubai,44 Fairview Hill
01HV9GW43C3GF1G1R9VKBMSWJR,Dru,Collington,dcollingtonae@time.com,326-664-3319,Orthopedics,34,Dubai,641 Farwell Point
01HV9GW43DBHA8053MDGG7SCHS,Sibyl,Gullane,sgullaneaf@mashable.com,339-934-0882,Internal Medicine,23,Ajman,31539 Dwight Trail
01HV9GW43ERA9T78FBYBKYBKTG,Rowan,Hallgalley,rhallgalleyag@marketwatch.com,762-619-3647,Pediatrics,19,Ras Al-Khaimah,3 Melrose Avenue
01HV9GW43FYXTMPB2XWGNXH7E4,Nathalia,Kohter,nkohterah@examiner.com,889-822-1440,Ophthalmology,36,Ras Al-Khaimah,3 Acker Crossing
01HV9GW43GPXWH33RTT46R0JXT,Tildy,Shiels,tshielsai@tiny.cc,428-632-0770,Cardiology,27,Umm Al-Quwain,153 Dixon Avenue
01HV9GW43H9ZRZ17GJERJ05AMY,Aguistin,Lyffe,alyffeaj@weibo.com,987-593-0961,Neurology,11,Sharjah,3018 Cody Plaza
01HV9GW43JRC1G05JBP6TJS0NE,Julee,Joe,jjoeak@dmoz.org,119-136-5113,Dermatology,19,Dubai,750 Maple Wood Road
01HV9GW43KKHWBK7WC5HAK1ANA,Lynde,Downey,ldowneyal@irs.gov,589-745-0420,Pediatrics,47,Al-Ain,59266 1st Hill
01HV9GW43MNDS53E6YBZP82AHZ,Maisie,Carlile,mcarlileam@census.gov,300-897-2517,ENT,38,Dubai,4941 Fulton Road
01HV9GW43NXEF3H52JGQ68A40H,Arda,Tutsell,atutsellan@baidu.com,394-789-6435,Pediatrics,21,Ajman,3097 Sachs Avenue
01HV9GW43PADV6ZTNFR52EYBBV,Shirline,Schruurs,sschruursao@weather.com,163-891-8649,Ophthalmology,48,Sharjah,7150 Ryan Place
01HV9GW43QV0B5VJ7T3XSQKMQX,Guenna,Claige,gclaigeap@ow.ly,574-463-6111,Orthopedics,5,Ajman,9410 Shoshone Plaza
01HV9GW43RT0DEFG6YA25C6TN2,Natala,Barkway,nbarkwayaq@t.co,156-831-5852,Internal Medicine,34,Ajman,16 Northview Court
01HV9GW43S67HWSHJFBSHKBZ73,Katee,Goman,kgomanar@globo.com,849-342-1926,ENT,48,Sharjah,336 Bunting Way
01HV9GW43TTAEQWA2M8SNWR6CP,Jazmin,Seefus,jseefusas@ning.com,722-607-4721,Ophthalmology,34,Ajman,44 3rd Place
01HV9GW43VKR3WGPZX449KQ7XB,Carolee,Wanka,cwankaat@economist.com,486-358-1254,Orthopedics,3,Ras Al-Khaimah,397 Laurel Alley
01HV9GW43W5Q5S0DZXFCB7VSSR,Rickard,Ody,rodyau@tripod.com,809-504-9740,Internal Medicine,28,Umm Al-Quwain,298 Corben Alley
01HV9GW43XCKG8SPZCG1F62ZJR,Twila,Harry,tharryav@sourceforge.net,850-499-3913,Obstetrics,38,Al-Ain,664 Harper Circle
01HV9GW43YR0613HNR5K4CWDG8,Nobie,Linebarger,nlinebargeraw@free.fr,686-853-2861,Internal Medicine,38,Abu Dhabi,3289 Main Court
01HV9GW43ZK2F1NZ7C8QN52N9X,Elie,Denziloe,edenziloeax@addthis.com,714-302-1836,Ophthalmology,22,Abu Dhabi,87 4th Junction
01HV9GW440EVRPSFP34CJC5PSM,Grantham,Rouby,groubyay@squarespace.com,942-497-1914,Orthopedics,19,Dubai,49588 Hudson Avenue
01HV9GW442G85D4FNZ422628TN,Tate,Cristofanini,tcristofaniniaz@w3.org,267-681-3509,Obstetrics,17,Sharjah,56 Dapin Court
01HV9GW443N10TS4F7YGM5TP9K,Vere,Barrus,vbarrusb0@tuttocitta.it,876-137-8019,Ophthalmology,37,Al-Ain,1536 Talisman Plaza
01HV9GW444TKCF1WB4CBC3P5G1,Worthy,Kerwen,wkerwenb1@si.edu,168-548-5828,Psychiatry,6,Umm Al-Quwain,8 Lukken Point
01HV9GW4454X9PDJQRB4MN2VQ1,Mandel,Kix,mkixb2@archive.org,397-131-7584,Cardiology,8,Abu Dhabi,0357 Harper Parkway
01HV9GW446R1B0T91KG6DEE4H1,Silvano,McCrory,smccroryb3@google.co.uk,312-145-9422,Cardiology,16,Umm Al-Quwain,00 Novick Court
01HV9GW4473T5DYXJ3YWCZBFDA,Aretha,De Atta,adeattab4@sakura.ne.jp,977-503-8125,Obstetrics,11,Al-Ain,0433 Redwing Park
01HV9GW449FRPZQN7XN302SW7P,Jerrilyn,Cowburn,jcowburnb5@ameblo.jp,468-347-1323,Orthopedics,18,Umm Al-Quwain,8591 Truax Parkway
01HV9GW44B6RF2R8QTT36Y540M,Sibella,Brew,sbrewb6@statcounter.com,277-191-4264,Pediatrics,31,Al-Ain,98 Hudson Terrace
01HV9GW44D2EE912HV692D83MD,Ruthi,O'Hogertie,rohogertieb7@meetup.com,917-854-1187,Dermatology,17,Ajman,115 Sycamore Trail
01HV9GW44F63HZS8FWAWVXGTT5,Jules,Everley,jeverleyb8@51.la,642-652-4340,Psychiatry,38,Dubai,431 Fordem Pass
01HV9GW44HNCQP5J4XSZCNH0VX,Clementia,Trimmill,ctrimmillb9@marketwatch.com,991-193-2405,Ophthalmology,45,Ras Al-Khaimah,19245 Barnett Center
01HV9GW44KPCPSH1BC2W7MXXG5,Laurence,Legrice,llegriceba@uiuc.edu,475-330-7995,Cardiology,31,Ras Al-Khaimah,359 Tennessee Crossing
01HV9GW44N9AKCP9BEZT3P3TAM,Stella,Pickover,spickoverbb@howstuffworks.com,731-916-8682,Internal Medicine,48,Al-Ain,6200 Fairfield Street
01HV9GW44QQCR2591N2EQSVAN7,Christabel,Adanez,cadanezbc@technorati.com,485-684-7084,Dermatology,7,Abu Dhabi,3650 Laurel Circle
01HV9GW44SD5F970YBSMNJHR3C,Jinny,Cornell,jcornellbd@narod.ru,458-701-7379,ENT,23,Abu Dhabi,21157 Cody Lane
01HV9GW44TQ6EQTNCNRHR7R4H7,Elias,Whales,ewhalesbe@hud.gov,529-598-0000,Internal Medicine,22,Sharjah,30203 Cambridge Drive
01HV9GW44WJ7DPMKC3CT622KDN,Bord,Capitano,bcapitanobf@intel.com,221-686-1369,ENT,3,Ajman,22 American Ash Circle
01HV9GW44YYNJCMQP4CV1G7Y3X,Ruben,Davidov,rdavidovbg@is.gd,228-122-3425,ENT,33,Dubai,4163 Annamark Park
01HV9GW450FNZ474BT6YFPN5ST,Antonietta,Cinelli,acinellibh@hc360.com,629-931-0298,Ophthalmology,13,Abu Dhabi,925 Arizona Junction
01HV9GW452A7WKXK8DH904G5B4,Skipper,Buxam,sbuxambi@stanford.edu,144-619-3415,Dermatology,26,Abu Dhabi,30 Buell Crossing
01HV9GW4544JV5WRMSH7Z9W1T4,Rozelle,Garcia,rgarciabj@networksolutions.com,104-659-5870,Psychiatry,47,Umm Al-Quwain,66687 Carioca Park
01HV9GW456SR3KFKWHM1Y1RPDW,Percy,Keford,pkefordbk@liveinternet.ru,833-568-5432,ENT,39,Umm Al-Quwain,49316 Sauthoff Terrace
01HV9GW457459DN9E916VMMB09,Charlot,Maw,cmawbl@google.pl,598-996-3379,Cardiology,18,Al-Ain,505 Dapin Lane
01HV9GW4584NWNB44JD4SG5HNM,Merilyn,Kilby,mkilbybm@eventbrite.com,345-561-1021,Orthopedics,7,Ajman,489 Alpine Point
01HV9GW459D9W95AWAWGH2E726,Putnem,Sikorsky,psikorskybn@booking.com,420-275-6850,Dermatology,4,Ras Al-Khaimah,9597 Hagan Court
01HV9GW45A7DYTTR4SDZD44RW7,Noby,Fuzzens,nfuzzensbo@geocities.com,978-604-2795,ENT,22,Sharjah,84 Hovde Terrace
01HV9GW45BV5395942JN8NWZBS,Clementina,Hatrick,chatrickbp@addtoany.com,467-285-5922,Cardiology,44,Ras Al-Khaimah,69 Luster Point
01HV9GW45DA69N5SAYGX4AP6ZP,Lanny,Scadding,lscaddingbq@redcross.org,724-265-6306,Obstetrics,36,Al-Ain,012 Westerfield Court
01HV9GW45EBM1HDTBPRV2W09AD,Pyotr,Turner,pturnerbr@theglobeandmail.com,855-917-8419,Orthopedics,24,Al-Ain,5057 Marquette Lane
01HV9GW45GFMCF1VDV90Z9A80A,Darla,Climson,dclimsonbs@dell.com,786-545-9177,Internal Medicine,34,Sharjah,5182 Sutherland Center
01HV9GW45KPGQJYHN4X7MZCCD7,Burtie,Paternoster,bpaternosterbt@netvibes.com,454-514-0301,Orthopedics,46,Ajman,630 Crownhardt Way
01HV9GW45N3Q2QFQGS2FHR9WAV,Christan,Alsina,calsinabu@answers.com,836-678-6612,Obstetrics,37,Abu Dhabi,385 Oriole Place
01HV9GW45Q0FA73N6TY1T1SMEK,Farr,Raynes,fraynesbv@bigcartel.com,711-473-1673,ENT,33,Abu Dhabi,8324 Commercial Circle
01HV9GW45SQZ79AGSG7EWMJPA4,Khalil,De la Zenne,kdelazennebw@i2i.jp,923-836-1478,Dermatology,11,Abu Dhabi,46 Pearson Point
01HV9GW45V4EF9ZPPD66MTW788,Dorian,Mattsson,dmattssonbx@moonfruit.com,376-137-1702,Internal Medicine,21,Al-Ain,130 Rowland Junction
01HV9GW45W853Q5RV0A7DDJS55,Nadean,Flory,nfloryby@hatena.ne.jp,849-201-7201,ENT,21,Ras Al-Khaimah,77870 Victoria Road
01HV9GW45X9SCY6DS0D92ZPVSK,Gerrilee,Roussel,grousselbz@last.fm,931-717-9995,Neurology,22,Umm Al-Quwain,7 Sycamore Road
01HV9GW45Y15DJ4ECW1MZXM3HG,Rena,Finlaison,rfinlaisonc0@dion.ne.jp,675-606-8904,ENT,43,Abu Dhabi,327 Carey Crossing
01HV9GW460BPD1EPER2XEQTBSR,Krystal,Vasnetsov,kvasnetsovc1@disqus.com,839-399-2692,Internal Medicine,22,Umm Al-Quwain,856 Nelson Alley
01HV9GW461CWABG00XHSP1MGYR,Tish,Habishaw,thabishawc2@gnu.org,447-504-9606,ENT,42,Ajman,2481 Eastwood Pass
01HV9GW462G2J6Q81DS06JY9QT,Sharl,Antonelli,santonellic3@xrea.com,890-967-2201,Psychiatry,43,Sharjah,0 Lighthouse Bay Road
01HV9GW464WDK99VZ62CAVY1C4,Manny,Size,msizec4@hhs.gov,531-939-9225,Dermatology,20,Umm Al-Quwain,3791 Prairie Rose Alley
01HV9GW465CBC4DM6CMTWCZ5ZY,Napoleon,Scneider,nscneiderc5@guardian.co.uk,544-399-9854,ENT,1,Dubai,2861 Bayside Plaza
01HV9GW466C7MENWRA4AKPED6D,Hillel,Yaakov,hyaakovc6@slideshare.net,160-863-6694,Pediatrics,19,Dubai,0638 Homewood Court
01HV9GW4689HJBXX0MTKFENZTM,Jocelin,Baulch,jbaulchc7@hugedomains.com,183-719-2631,Orthopedics,24,Dubai,0 Sutherland Pass
01HV9GW469W7JMFSR99D8DY7AR,Helenelizabeth,Probbings,hprobbingsc8@upenn.edu,788-828-0276,Neurology,19,Sharjah,1 Golf Course Crossing
01HV9GW46BT1DR64C34FARK74K,Margalit,Edwicke,medwickec9@opensource.org,494-753-5205,Orthopedics,16,Abu Dhabi,2 Karstens Road
01HV9GW46DTPVES48Z061RD5A8,Heidi,Spolton,hspoltonca@ibm.com,817-973-7013,Cardiology,14,Abu Dhabi,3851 Pawling Trail
01HV9GW46FGX3MBD32G950AG9J,Worth,Trees,wtreescb@sogou.com,513-595-4117,Dermatology,34,Al-Ain,135 Bobwhite Junction
01HV9GW46GH826P7B79EJ4XGXQ,Emmerich,Buske,ebuskecc@marriott.com,506-568-0270,Obstetrics,25,Al-Ain,4427 La Follette Park
01HV9GW46HJK5XWR7ES012KCAR,Durand,Ockland,docklandcd@1und1.de,323-810-7478,Obstetrics,42,Dubai,2981 Park Meadow Trail
01HV9GW46JWE4NNE5JY2KB0F2D,Rozanne,Mandres,rmandresce@shareasale.com,330-900-5012,Dermatology,10,Sharjah,0 Oak Road
01HV9GW46M0YNANZM8E0SJC3KH,Carmon,Getch,cgetchcf@wix.com,514-667-8198,Neurology,38,Sharjah,6226 Kingsford Place
01HV9GW46N0K2XNQAV1E9878TQ,Pansie,Geipel,pgeipelcg@mtv.com,655-654-4672,Pediatrics,4,Ras Al-Khaimah,64523 Lotheville Terrace
01HV9GW46PDHJP3PSTMZ561E7V,Davina,Trowsdall,dtrowsdallch@mtv.com,579-921-7835,Obstetrics,6,Al-Ain,48230 1st Junction
01HV9GW46QC6J9C5TPEAQ3QG8E,Reid,Grigoryev,rgrigoryevci@cdc.gov,951-983-5317,Obstetrics,38,Abu Dhabi,3 Holmberg Crossing
01HV9GW46S8K4GQQJMBN0FEXWH,Zacherie,Scrowston,zscrowstoncj@a8.net,330-244-7524,Internal Medicine,27,Umm Al-Quwain,9997 Maple Wood Alley
01HV9GW46VCAR125C3PZHRWYQ2,Lynnell,Scapens,lscapensck@mysql.com,264-722-9478,ENT,39,Ras Al-Khaimah,00 Nelson Pass
01HV9GW46XY7XWV0YQD2WPC678,Jard,Scorrer,jscorrercl@gov.uk,965-278-6688,Orthopedics,23,Ajman,500 Reinke Hill
01HV9GW46ZW5QGAP120226F9Q7,Liane,Rogerot,lrogerotcm@businessinsider.com,763-180-4621,ENT,49,Ras Al-Khaimah,73 Rusk Place
01HV9GW47170A7JHGHHNJPR6WS,Becca,Skinn,bskinncn@t-online.de,318-713-1411,ENT,16,Al-Ain,4993 Nevada Trail
01HV9GW472W7Y5GTEMY7KNWRFY,Gaby,Grzegorzewicz,ggrzegorzewiczco@thetimes.co.uk,597-531-1651,ENT,16,Sharjah,8 Clyde Gallagher Drive
01HV9GW4746P6X5WEYKQZ6Q9D9,Randi,Tolcharde,rtolchardecp@mashable.com,923-675-8406,Pediatrics,29,Dubai,89475 Monica Alley
01HV9GW476ABKJ4J7CEF98JV6J,Elfrida,Stonehouse,estonehousecq@cbslocal.com,729-929-3675,Ophthalmology,40,Sharjah,16014 Doe Crossing Avenue
01HV9GW479K3TCVMFC6KB6QQFV,Donna,Studders,dstudderscr@friendfeed.com,403-370-3645,Pediatrics,24,Sharjah,67 Parkside Alley
01HV9GW47BYYG13KVRTZFJWEG9,Vidovik,Pointon,vpointoncs@intel.com,543-502-8127,Obstetrics,15,Sharjah,7647 Chive Pass
01HV9GW47DPF2WNG7MJYHV4MJE,Sharleen,Espinola,sespinolact@cornell.edu,295-465-0308,Internal Medicine,50,Ajman,5577 Dottie Pass
01HV9GW47F01PAYG2S88VSB364,Arel,McNelly,amcnellycu@wordpress.com,700-288-6350,Dermatology,38,Al-Ain,490 Glendale Street
01HV9GW47HNBTV54XN9EKR3G81,Trista,Surby,tsurbycv@example.com,814-632-9242,Dermatology,8,Abu Dhabi,5 Kenwood Way
01HV9GW47KDDZS04AGH750BCWR,Ardyth,Skin,askincw@topsy.com,553-280-6585,Pediatrics,31,Al-Ain,80 Sullivan Center
01HV9GW47NZZSJGG1ZDQA66J54,Aurthur,Fairfull,afairfullcx@123-reg.co.uk,608-222-0343,Neurology,9,Al-Ain,79460 Fairfield Lane
01HV9GW47QGMHK8JWRKEWN3W1G,Nolan,Gocke,ngockecy@phoca.cz,279-899-3836,Dermatology,9,Umm Al-Quwain,14 Johnson Place
01HV9GW47S8TXNGF6B4ZDC7C17,Avie,Jacobowits,ajacobowitscz@hc360.com,498-389-0403,Neurology,14,Sharjah,24 Express Plaza
01HV9GW47VCXMSME09K4TA2G1S,Chrystel,Dines,cdinesd0@ameblo.jp,646-506-2595,Psychiatry,27,Al-Ain,34 Lakeland Plaza
01HV9GW47XET28XWCGZ0FQWKK6,Josiah,Stoggles,jstogglesd1@acquirethisname.com,549-646-8828,Neurology,1,Abu Dhabi,8 Dottie Drive
01HV9GW47Z1NGJQTZAZYTAWW75,Rae,Haggart,rhaggartd2@mapquest.com,764-276-7802,Psychiatry,41,Sharjah,0446 Milwaukee Center
01HV9GW481VKF9FDVRBCHGMXGH,Ora,Mounsey,omounseyd3@google.com.au,259-190-5926,Internal Medicine,36,Ras Al-Khaimah,5961 Brown Junction
01HV9GW4839X3M2FS0D4F1N9ZB,Emelda,Northrop,enorthropd4@cafepress.com,372-638-6605,Neurology,9,Al-Ain,92 1st Terrace
01HV9GW485QHWDKYCH7BGN639V,Nikolas,Wake,nwaked5@dailymail.co.uk,739-383-0555,Orthopedics,23,Umm Al-Quwain,40 Becker Hill
01HV9GW486NZJBTJGZPYJS0WT8,Filide,Frary,ffraryd6@utexas.edu,563-484-5444,Ophthalmology,45,Al-Ain,38922 Vidon Place
01HV9GW4870BSXNG6A2MZ7533A,Teador,Magnay,tmagnayd7@disqus.com,942-902-3543,Dermatology,22,Ajman,3998 Homewood Center
01HV9GW489HRWQ4SA9WNPCBZQW,Dino,Tytterton,dtyttertond8@google.com.au,862-989-8242,Orthopedics,39,Umm Al-Quwain,75 Loomis Avenue
01HV9GW48BH7HJCXNT3VAZYF04,Wheeler,Geram,wgeramd9@kickstarter.com,269-630-4855,Psychiatry,41,Sharjah,459 Thompson Hill
01HV9GW48D15F7H53J34JR41A9,Hakeem,Maslin,hmaslinda@ox.ac.uk,643-745-2677,Pediatrics,9,Dubai,6 Bartelt Court
01HV9GW48F2RZJ6FKG9RTJT214,Arnoldo,Kayes,akayesdb@bizjournals.com,699-135-9908,Obstetrics,31,Umm Al-Quwain,438 Rockefeller Junction
01HV9GW48H3KTH6WC0RXPMXZ25,Leon,O' Dooley,lodooleydc@foxnews.com,135-707-6686,Cardiology,29,Al-Ain,352 Clove Court
01HV9GW48MWYPRBD8CP4D0YRGY,Emile,Lambert-Ciorwyn,elambertciorwyndd@sciencedaily.com,918-669-2093,Neurology,24,Ajman,282 Sommers Lane
01HV9GW48NDKYEY5AP1NJZ9ZMP,Baron,Pattingson,bpattingsonde@zdnet.com,808-905-4926,Psychiatry,2,Ras Al-Khaimah,7765 5th Way
01HV9GW48PQ52MKGZCMRFXJJ9P,Ira,Dufour,idufourdf@flickr.com,215-818-8500,Psychiatry,38,Dubai,8365 Northfield Junction
01HV9GW48RMP40D7SHTJ2MKAR7,Grayce,Inch,ginchdg@washington.edu,406-982-8822,Orthopedics,10,Umm Al-Quwain,4 Delladonna Point
01HV9GW48T69XXA3CGDVXR3SRW,Iorgo,Hargreaves,ihargreavesdh@accuweather.com,191-160-9387,Psychiatry,44,Al-Ain,1 Calypso Terrace
01HV9GW48W2JX1MCMF3YNMXM52,Gerald,Drains,gdrainsdi@apache.org,867-330-9123,Psychiatry,26,Al-Ain,7992 Springs Hill
01HV9GW48YJWWPWNV77H9F488Q,Laurie,Deshon,ldeshondj@unesco.org,195-100-3062,Psychiatry,3,Al-Ain,73358 Lindbergh Avenue
01HV9GW4907ZRPBVPKTFB08T1X,Ogden,Critchlow,ocritchlowdk@elegantthemes.com,580-313-0571,Orthopedics,16,Umm Al-Quwain,726 Pankratz Junction
01HV9GW491JK9DCF8YB060NSV3,Deidre,Bront,dbrontdl@loc.gov,371-466-6222,Pediatrics,13,Dubai,67695 Comanche Lane
01HV9GW4927S7GBPBBKWQ3D3HR,Luigi,Jacks,ljacksdm@google.co.uk,886-974-8719,Neurology,32,Ras Al-Khaimah,2265 Graedel Drive
01HV9GW4941NEQZTBJEVJWXXY1,Rebe,Bowcock,rbowcockdn@rediff.com,935-856-7925,Orthopedics,21,Ras Al-Khaimah,52 Mendota Crossing
01HV9GW4963T5V6S2EC6RXVPF2,Bertrando,Foulstone,bfoulstonedo@europa.eu,729-175-2301,ENT,31,Ajman,72470 Waywood Pass
01HV9GW498E74T5QZYS18W1RA6,Jarrid,O'Donovan,jodonovandp@foxnews.com,270-554-7144,Obstetrics,28,Abu Dhabi,46972 Muir Place
01HV9GW4997HMWGJBGTM9PVXQR,Darnall,Coumbe,dcoumbedq@ask.com,231-874-9493,Neurology,15,Sharjah,9477 Lake View Place
01HV9GW49BH09WS37WHB9QA59P,Renault,Cattach,rcattachdr@msn.com,783-371-9530,Dermatology,32,Umm Al-Quwain,16 Fisk Crossing
01HV9GW49CHXXABWXZKSQTTCJB,Luigi,Bastian,lbastiands@amazon.co.uk,306-418-0421,Obstetrics,5,Umm Al-Quwain,9176 Hollow Ridge Circle
01HV9GW49D7Z7ZX4Y103WDNK6F,Carilyn,Pedlar,cpedlardt@ifeng.com,767-119-6350,Cardiology,24,Sharjah,603 Warrior Hill
01HV9GW49E3J678K008AZM6PN3,Charlot,Hengoed,chengoeddu@smh.com.au,900-623-2200,Obstetrics,14,Al-Ain,00536 Redwing Drive
01HV9GW49FWA22JRXHH45NTCE0,Isabeau,Nicholls,inichollsdv@1688.com,952-594-6661,ENT,23,Ras Al-Khaimah,29524 Springs Trail
